n_trials,n_test,block,base_bits,glm_bits,mmlpf_bits,glm_sigma,sigma_alpha,sigma_beta,sigma_phi,mean_beta,max_beta,mean_phi,mmlpf_loss_conc,mmlpf_worst_bits,glm_loss_conc,glm_worst_bits,diff_bits,subject_id,seed
593,120,20,1.0080398893168003,0.5259043533307747,0.5346141358968317,0.01168486454462294,0.0181224552782156,0.22388999114790442,0.06564486995482299,18.750739351095316,64.63266457552649,0.47531720214097806,0.2663804102659824,3.182778735334954,0.3173556404904434,3.700463855370292,-0.008709782566057034,713379,0
593,120,20,1.0519491210294236,0.7134224978653059,0.6570185120799554,0.022648505715115893,0.015307899672198255,0.25946715333237663,0.04517938576698741,22.338100814843113,79.95526684412829,0.6783876543205674,0.25403956655741344,4.601339091646557,0.24098773274257967,4.093764301095517,0.05640398578535044,713379,1
593,120,20,0.9966006515871356,0.46324083420252166,0.5237722028590636,0.01168486454462294,0.14842753284497157,0.08595869900251973,0.046120649645026573,17.212465574311793,51.48868520804772,0.39139638249722614,0.3122475802075002,7.109145387447119,0.33670882756046355,4.060742423461915,-0.060531368656541906,713379,2
593,120,20,1.0037283175877139,0.4656055081678322,0.3942453957787065,0.00012046016653111794,0.0666664492535749,0.1924164884474062,0.039286870867269064,21.794690730304616,75.99970337842227,0.7913071482393501,0.4099360171135504,4.267038907244678,0.28570793078177625,3.393601656797907,0.07136011238912571,713379,3
593,120,20,1.0056687913156337,0.6187554810057692,0.6370693179115688,0.04271604154821699,0.03474405112565215,0.1943566723902336,0.10433335930171443,19.193002625668395,86.53796516680072,0.7822988378766932,0.21819265115473477,3.2020688729917532,0.30742167852824925,5.31586962668205,-0.018313836905799685,713379,4
593,120,20,1.0157359481255996,0.7827836089491259,0.661828270531634,0.030937529136092577,0.07178004990874814,0.09836819058470186,0.1755971287333093,13.954361316684695,58.66834039510276,0.8554456085653074,0.27572813081589254,4.094993302983949,0.289417288069786,5.032889952575568,0.12095533841749195,713379,5
593,120,20,0.9964752392356545,0.5925893359916162,0.6343526122827883,0.00012046016653111794,0.0787436040820978,0.2825343367194257,0.06564486995482299,26.974745855490873,82.98114825800833,0.7827104741058452,0.24213112733516776,4.892327095476051,0.2962249704020098,3.9679501824936287,-0.04176327629117205,713379,6
593,120,20,1.0221561507960824,0.7645206084843753,0.6758267129178854,0.06650648120957715,0.06992148640796755,0.13927910852751169,0.10201628608094747,14.959902526480322,60.40905444992537,0.8269363904112444,0.23817023240224702,4.456438941793358,0.23290599976212395,4.124618519701581,0.08869389556648988,713379,7
593,120,20,1.0625660362227352,0.41390773049558677,0.4617061044128135,0.00011373021510508581,0.04332376569428306,0.21367129861282855,0.14753557756787627,29.78673049899033,89.15026197196926,0.6544704727442117,0.47328321925101463,6.668524053444383,0.3001255437987146,3.082546945465597,-0.047798373917226744,713379,8
593,120,20,0.9965789734312468,0.5776795774802519,0.5636439967540113,0.00012046016653111794,0.042476994465297735,0.11476100706837405,0.12280646166463738,16.1727635610694,63.81657839125867,0.9949377109736868,0.2930822498940983,4.290042597455479,0.2830190441607011,3.88020382108173,0.01403558072624056,713379,9
593,120,20,0.997474132594478,0.48973986160630656,0.5675706824296343,0.00012046016653111794,0.012194538381561648,0.1452351399510637,0.08816145334595082,14.425320344541259,65.12295393896244,0.6546403065039437,0.3078192360223141,4.597620717512281,0.28929214051008084,3.755739588479355,-0.0778308208233277,713379,10
593,120,20,1.013104484402373,0.510639708175623,0.5065915124062987,0.005683871089363057,0.09972402524753793,0.1105636732846873,0.1120597417682455,16.985296862442592,56.8954234468014,0.8257073860461462,0.3057765177370698,3.827384427893223,0.30066765951380586,4.020654444688003,0.004048195769324248,713379,11
593,120,20,0.997474132594478,0.6060545478727767,0.5955138316298497,0.00011373021510508581,0.016180130684400718,0.10846327645132371,0.1075548287127974,12.280925305287195,49.022246043745,0.9188903055637201,0.3129989522199047,4.386035477245131,0.32075762745185843,4.250685975723731,0.010540716242926962,713379,12
593,120,20,0.9983514435348203,0.6091223875426941,0.5844844869471779,0.04271604154821699,0.012669618359130497,0.1480638019003015,0.09316436337360579,15.039033440725554,64.13356681554359,0.8726924941616383,0.25157740656157185,3.224491319315051,0.2785170578342462,4.214309529782016,0.024637900595516182,713379,13
593,120,20,0.9983514435348203,0.5948591516918097,0.505157355088905,0.013991439656673339,0.0672534666416395,0.13876068164173805,0.07227997547041998,16.346875800756468,59.59386565747439,0.8612972031381417,0.28332704393583924,3.230683981959602,0.2945783139881506,4.127530271667195,0.08970179660290467,713379,14
593,120,20,1.0005374965443572,0.5343675519834645,0.6178947900345888,0.00012046016653111794,0.01138727151857688,0.13244950437347158,0.12094766153014277,14.968998761889232,66.08949553524076,0.6917398124150245,0.23550047814342012,3.23025861029207,0.30048400523099134,3.8497032679882324,-0.08352723805112428,713379,15
593,120,20,0.9964752392356544,0.58320475597356,0.6188294320035699,0.00012046016653111794,0.0181224552782156,0.22388999114790442,0.06564486995482299,16.34678674144212,61.15388037290434,0.8030933094960461,0.28886771730005567,4.176114848802364,0.35566895246871216,4.419758661228524,-0.03562467603000985,713379,16
593,120,20,1.019088283602359,0.44582637201273373,0.44185313676791804,0.009642981810474663,0.03546103137327031,0.20903252148557988,0.06501015935058851,23.115113700931477,88.30892570268817,0.7394877387178617,0.32816124710940775,5.332125986234158,0.32087070251735955,3.8729434753947882,0.003973235244815687,713379,17
593,120,20,1.0037283175877139,0.5285625446890236,0.5508685542933691,0.00011373021510508581,0.0384998101669857,0.328800073659081,0.26111088415159533,24.69703752805382,83.15334000098825,1.1082900616585776,0.3702400784675119,5.1741360594857815,0.28552594349147864,4.023769015698948,-0.022306009604345478,713379,18
593,120,20,1.018830268557894,0.6189617006689004,0.6538990142684928,0.00012046016653111794,0.014747720057395858,0.1364631847714209,0.30792489932301775,16.54103107745599,71.87732142128755,1.181917696397364,0.3747284426273077,5.844475116933285,0.26989705693964045,3.796137012346378,-0.0349373135995924,713379,19
593,120,20,1.0102408579355655,0.5570790807082823,0.6332704874669638,0.00012046016653111794,0.0065790808157001335,0.1105660463409309,0.09098618508561039,12.62141474289776,50.585584203189676,0.7840121753495182,0.2647042953311167,3.8351644573319574,0.2857578773140644,4.008309551066436,-0.07619140675868152,713379,20
593,120,20,0.9993932042557031,0.6168109302740633,0.5875406186264146,0.0032738416078303065,0.034526737533151136,0.1701160611375101,0.11968850692222685,15.531447280863174,64.38863803475475,0.8665522546092738,0.29153885533400986,5.040191543703844,0.2734201475385364,4.201779275762702,0.029270311647648706,713379,21
593,120,20,1.0005374965443572,0.4136079984337148,0.4357916420099059,0.00012046016653111794,0.024510006617536856,0.13994043142705087,0.12476586885846072,19.931943403120034,70.15795985512256,0.7743099046844694,0.4199469624764294,6.106847535900568,0.3073754709615389,3.229563952449763,-0.02218364357619107,713379,22
593,120,20,1.0377817019735218,0.6055762984148931,0.8045574370460156,0.02157258468813205,0.24365218480311235,0.10653381889939664,0.33271636618980305,45.940712941786536,94.13104418564926,0.5235747032005883,0.33132728544550516,16.539805065572576,0.24758628486829382,3.956373129845902,-0.19898113863112243,713379,23
593,120,20,1.0571400837181644,0.6323189276965313,0.7355117497670631,0.01168486454462294,0.05420020413699972,0.13137404228465885,0.052431727934195926,22.328068335678193,69.26788370032256,0.539215806789139,0.29217251545500994,6.583403317271981,0.2838035723435526,4.062446439974072,-0.10319282207053182,713379,24
579,120,20,1.4314903357007365,0.2860462432980386,0.2872407190801961,0.07043397710876524,0.33852821500715147,0.23975924381199526,0.16899054518281953,30.6759277884959,79.82906783178154,2.7363980671885857,0.43564287662531537,3.665305025142749,0.5257092191188866,3.942138867490205,-0.001194475782157478,751766,0
579,120,20,0.7091964756377116,0.2545329073478743,0.6229356807675063,0.06402934358058855,0.04228741891591958,0.2037433434045616,0.1863907457022045,20.260372440268487,61.997943710805444,2.2863187373977962,0.3465272650714061,7.365672632194516,0.5454471115055782,6.5568060331736655,-0.36840277341963196,751766,1
579,120,20,1.093929623324236,0.27479701853807487,0.3266495182113171,0.07043397710876524,0.35252262651231414,0.38849758970838494,0.18465301420546482,39.072483089849065,89.70537150675844,2.4510201814695667,0.5192072878863921,5.577202931838917,0.5846548502615393,4.503882292590001,-0.051852499673242236,751766,2
579,120,20,0.7091964756377115,0.10750395836978027,0.11334980675597342,0.06650648120957715,0.12527029062436568,0.28993448552540985,0.05577114584958795,21.758956631934144,64.00730179534109,1.7023480226229322,0.14812589478835073,0.3883656717750672,0.2291773714940568,0.7019601949861255,-0.005845848386193148,751766,3
579,120,20,0.6278385512974015,0.27965856573259235,1.2487037383579063,0.07043397710876524,0.042476994465297735,0.2538962201489342,0.15803979100316431,27.103097857118936,68.8520659563811,1.9765398509986774,0.253291169080457,8.334419485764174,0.7003240823072477,6.841449120528967,-0.969045172625314,751766,4
579,120,20,0.8124836499949277,0.21990121223846462,0.2342523532624232,0.07043397710876524,0.3594827078595755,0.38328575340118765,0.26517679412937284,21.460684453866737,65.56858669958831,3.049981792485299,0.5480670366401902,3.8255413374373606,0.5846081987016268,3.6156574889076762,-0.014351141023958569,751766,5
579,120,20,0.7894940527625475,0.3936076053268846,1.4740471369109065,0.07043397710876524,0.01666232519370303,0.309048521491291,0.3066414050403725,31.415033204239617,72.94592487024121,2.145014994310127,0.21565785694045989,8.6355308249892,0.4965068292602938,6.747052993189167,-1.0804395315840218,751766,6
579,120,20,0.737158628814034,0.13095925214873827,0.18406587624830426,0.07043397710876524,0.247005354170586,0.3028840483489464,0.2463373213081269,19.51905304074029,59.873990907459685,2.607439147691235,0.41421441582288626,3.3862501233140545,0.6456577277726937,3.7871445401893724,-0.053106624099565986,751766,7
579,120,20,0.7676877733914144,0.19157939579500194,0.22719894393417484,0.07043397710876524,0.286896472446028,0.3969793797909767,0.14119243740501933,40.675976711159535,90.58024332172516,2.7685967852318334,0.4120586636915237,6.041475021903595,0.4466526270490298,4.727928993795982,-0.035619548139172896,751766,8
579,120,20,0.8366752268669811,0.36425055729253886,0.6930650436607791,0.08179374450262582,0.35252262651231414,0.38849758970838494,0.18465301420546482,26.458271276257253,60.07851263457566,2.9062483731389945,0.29107108950939314,6.516739957288934,0.6175262032864505,7.235584409143301,-0.3288144863682403,751766,9
579,120,20,0.7091964756377115,0.2883357422909505,0.3196703745933612,0.08179374450262582,0.20316884872201343,0.37960080682886266,0.07747253814058014,42.182329458776515,73.16574733653052,2.4835250059594096,0.5184861882407416,4.391613008750969,0.6544731884374805,5.0847985002383895,-0.03133463230241068,751766,10
579,120,20,0.9166642449016553,0.3478242557782824,0.3434896836010554,0.07543105395664816,0.1746829030549346,0.26581733442333233,0.3642174047525863,17.911676720922408,42.124065776746654,4.227242649767648,0.5886414872365459,6.637264412155126,0.5843090520912689,6.410479573243137,0.004334572177226992,751766,11
579,120,20,0.7676877733914146,0.266569659929688,1.0392693728173854,0.07043397710876524,0.02566394260343366,0.24262821517969718,0.21345077460727752,20.114366153394204,76.07769331170601,2.2662531387160416,0.2507515814920557,7.881824548003714,0.5197418997854886,6.80896275427753,-0.7726997128876973,751766,12
579,120,20,0.8620884729112047,0.24156956804934346,0.4655074279758072,0.06741653616475557,0.0928868081405736,0.25684997682504734,0.08520161727127412,26.191470384924713,60.994756499818486,1.9082656853943272,0.3637413932505699,6.268310933014562,0.7049292786571195,6.603972471504038,-0.22393785992646373,751766,13
579,120,20,0.7275553226938402,0.36574307662217564,0.3364179754451547,0.07043397710876524,0.1513330587416237,0.3525389230135401,0.34996224255299774,25.646287435361288,79.01031336947136,3.3045030446047376,0.5902075280317749,5.731826109130357,0.5829981724021752,6.486136866112747,0.029325101177020918,751766,14
579,120,20,0.6681589850845217,0.2110574046346689,0.2733572772074933,0.08908734488059973,0.18197957535160744,0.39752428318640587,0.2602166561300349,54.206617488526284,99.95127792297897,3.803043754230322,0.5502939939019955,4.774065275464699,0.7561867843783393,4.712396209869341,-0.062299872572824405,751766,15
579,120,20,0.8887441671186579,0.3555139348514833,0.37740260365769035,0.08616328204742763,0.10867586966470767,0.2802186793731014,0.21264092106617008,34.066868769604625,88.933505063897,2.363943090565175,0.5199300963610155,5.802827541388015,0.5755260448452078,6.790307985005831,-0.021888668806207046,751766,16
579,120,20,0.8124836499949277,0.3228060314820454,0.2898458851522097,0.07543105395664816,0.0010999015632868203,0.22666565177290238,0.28289948167723,14.50382445299038,76.69259220290462,3.3547247204935116,0.6648838685793097,6.76401128178349,0.5762081899388605,6.3680881494406645,0.03296014632983568,751766,17
579,120,20,0.8620884729112046,0.21942331691915945,0.2404407116364052,0.07043397710876524,0.20181175238808244,0.2782103128052337,0.29768933967871125,27.708877599901598,62.54102116571092,3.227215421192519,0.38829782778958144,4.30066090395224,0.587736199725996,6.172178064642576,-0.021017394717245758,751766,18
579,120,20,0.8124836499949276,0.16821296242245048,0.9040738031244587,0.06650648120957715,0.15527003698293296,0.3094478153263818,0.05409633698906907,38.08804157755273,83.44074352226531,1.3547719752927747,0.3300251847608975,8.468364526020148,0.5490834613670185,6.601768980005974,-0.7358608407020082,751766,19
579,120,20,0.800839793683586,0.3625601570427393,0.9269501098189961,0.08908734488059973,0.07787228571707498,0.34955850841231156,0.1822309257258308,33.41165836007624,91.35297000439931,2.6262124483074465,0.33531928195628136,10.010232925756021,0.6784343966737111,8.18998028984049,-0.5643899527762568,751766,20
579,120,20,0.8244279851668501,0.33599499697954854,0.32404547508259873,0.09724954696120812,0.22442857955207118,0.38395640249419993,0.2735072544740678,29.798761286757916,58.96821002482569,3.2639214891928847,0.5204151077748277,3.9594544600458876,0.6135086048323222,6.484703099772811,0.01194952189694981,751766,21
579,120,20,0.7004371657621815,0.2479842184802936,0.24297391918766945,0.07043397710876524,0.007082683001861184,0.21799852214368265,0.23702405344041355,17.159126372220125,61.6601667259192,2.354031705814187,0.7064708311898983,5.2457374464550846,0.605494070570593,4.647695812163268,0.005010299292624143,751766,22
579,120,20,0.6402155717492503,0.24299948367662508,0.2604513192782196,0.0735895906332592,0.20640695340035417,0.3989765775935735,0.19982034431426862,37.39648445497951,86.40576126486452,2.5965431375458605,0.550823333235212,4.513903855112941,0.6481997094797177,4.769773414691998,-0.017451835601594495,751766,23
579,120,20,0.7784441261460987,0.13066178521034683,0.19497635283253512,0.07043397710876524,0.2972380414271535,0.30509969969075007,0.20488827017037348,23.310445532626368,81.53458592948445,2.6654075465728053,0.2917831272470454,3.3908382897301874,0.4185696218079564,2.8250470387796316,-0.06431456762218829,751766,24
