subject_id,test_session_number,cumulative_train_trials,test_trials,opt_sigma_alpha,opt_sigma_beta,mmlpf_nll,psytrack_nll,base_nll,mmlpf_nll_per_trial,psytrack_nll_per_trial,base_nll_per_trial,mmlpf_bits,psytrack_bits,base_bits,diff_bits,ci_lo,ci_hi,separates,mean_alpha,mean_beta,max_beta,frac_beta_at_clip,opt_sigma_phi,mmlpf_persev_bits,mean_phi,max_beta_persev,diff_persev_bits,choice_autocorr,seconds,error,total_trials,ignored,valid_trials,ignored_frac
728568,2,391,424,0.1968581186137959,0.194429517312709,247.53053887483844,192.4892671866181,293.59911542273846,0.5837984407425435,0.4539841207231563,0.692450743921553,0.8422431153379769,0.6549606396096341,0.998995254315498,-0.1872824757283427,-0.3166332015685906,-0.0878185737642585,True,0.31786860589236,8.166135775701488,32.847973220454996,0.0,0.1100556613027061,0.6896087980274087,1.284222754320945,24.67864036803481,-0.0346481584177744,0.6211328976034859,52.1,,495,71,424,0.14343434343434344
728568,3,815,396,0.1845591891167642,0.1081404325056461,199.88283946599952,163.83409776285768,298.55834281312525,0.5047546451161604,0.4137224690981255,0.7539352091240537,0.7282070233747533,0.5968753544722032,1.0876985873548557,-0.1313316689025501,-0.2242171352656828,-0.0234759056297783,True,0.2154855028806022,12.586814053445684,56.77510336095585,0.0,0.0652695355549163,0.6306164641828412,1.3952206809559136,33.41723655823049,-0.0337411097106382,0.6316372326164247,58.8,,496,100,396,0.20161290322580644
728568,4,1211,388,0.1846552871865938,0.17975630798129,210.07268146686476,160.31671683753146,267.61203057772923,0.54142443677027,0.4131874145297203,0.6897217282931166,0.7811103499445686,0.59610343389976,0.9950581170018444,-0.1850069160448086,-0.3461362664172274,-0.0965128542174666,True,0.4613307759474981,12.013666091625048,58.99249328570159,0.0,0.1100556613027061,0.6463086583536046,1.4878358577930295,29.82176361652801,-0.0502052244538445,0.6764394403879381,86.5,,505,117,388,0.2316831683168317
728568,5,1599,367,0.1958570275453336,0.1903562543559124,180.33798559848515,141.43818750799426,251.38692670824025,0.4913841569441012,0.3853901566975319,0.68497800192981,0.7089174863946589,0.5560004678749498,0.9882143665021677,-0.152917018519709,-0.2064961189825113,-0.1180001258456902,True,0.3449784014229164,14.544229924321384,67.43038468911324,0.0,0.0566149584748798,0.6340017356776491,1.0387295868147806,59.14521205021438,-0.0780012678026992,0.6748958588581228,120.7,,515,148,367,0.287378640776699
728568,6,1966,331,0.1972717614098874,0.1741191877410055,163.9291124846042,114.338009080095,218.54162019596583,0.4952541162676864,0.3454320516014955,0.6602465866947608,0.7145006575192373,0.4983531078095781,0.9525344763883964,-0.2161475497096592,-0.3099030395603609,-0.1249767129310981,True,0.1965362117009179,26.572258136325807,90.0099562153271,0.0,0.0419033562864425,0.584607570868518,1.1423224275520591,56.49147173142878,-0.0862544630589397,0.705147773232639,147.3,,436,105,331,0.2408256880733945
728568,7,2297,462,0.1967212131644788,0.1650852101142722,270.1636750617175,163.7047318865332,293.20361936845063,0.5847698594409471,0.3543392465076478,0.6346398687628801,0.8436445762767906,0.5112034737289155,0.9155917914146298,-0.332441102547875,-0.5310104538060778,-0.1746697302922374,True,0.4450463982765739,8.106967142029742,61.90910169369689,0.0,0.0566182720638544,0.5774562065921666,1.395947155094545,75.05836431461532,-0.066252732863251,0.6223749948046701,173.1,,533,71,462,0.13320825515947468
728568,8,2759,466,0.1832364046483576,0.1808977133663966,222.56258017896812,169.92973150197804,292.8882610584136,0.4776021033883436,0.3646560761845024,0.6285155816704154,0.6890341860765012,0.5260875127414097,0.9067563127973508,-0.1629466733350915,-0.2531477966147646,-0.0635741543352143,True,0.3320125616007899,13.45117796428408,39.03430508808595,0.0,0.0566181402784395,0.5908896660309184,0.6319307827921788,71.37365071370586,-0.0648021532895085,0.6480187946518424,217.3,,535,69,466,0.12897196261682242
728568,9,3225,472,0.1782991983133133,0.1934157199964575,245.42421356694217,177.7241394485841,318.8868448740744,0.5199665541672503,0.376534193747,0.6756077221908356,0.7501531691252147,0.5432240140439211,0.9746959103910072,-0.2069291550812935,-0.3166799510170502,-0.0997139054945464,True,0.5442707750751498,14.306433440693668,92.32400776512036,0.0,0.1616757330603475,0.5955531763904817,1.519607162897127,69.25472639144529,-0.0523291623465605,0.7135400677522501,224.0,,502,30,472,0.05976095617529881
728568,10,3697,480,0.1988374691161138,0.1526496100330609,270.58794361277234,175.08998362179707,295.42677831625883,0.563724882526609,0.3647707992120774,0.6154724548255393,0.8132830924468523,0.5262530230843678,0.8879390583805621,-0.2870300693624844,-0.4203217785482212,-0.1739378296870949,True,0.2673302822541908,10.992077598776229,53.02583428745736,0.0,0.1348423938892733,0.5618219363046641,1.3336861855420206,77.49231372578932,-0.0355689132202962,0.6621556094335467,311.6,,519,39,480,0.07514450867052024
713377,2,482,498,0.1840360437300742,0.1205169745278844,241.5985999332932,222.66634699019895,359.95501841827263,0.4851377508700666,0.4471211786951784,0.7228012418037603,0.6999058273282706,0.645059507179962,1.0427817670986694,-0.0548463201483085,-0.1268027119187752,0.0461621086707322,False,0.1420272234182651,21.83300943866248,78.37061204570449,0.0,0.1100556613027061,0.6318911879766492,1.2011379059315217,48.39643313363358,0.0131683192033128,0.6337857099910629,46.5,,536,38,498,0.0708955223880597
713377,3,980,528,0.2,0.2,282.06456115740934,193.9089866056737,382.26471763171173,0.534213184010245,0.3672518685713518,0.7239862076358177,0.7707067113490838,0.5298324495450947,1.0444913114282015,-0.2408742618039889,-0.2995114746712208,-0.181106916910801,True,0.5423691893118918,9.145310749832072,39.68970586898493,0.0,0.2384420008006848,0.6165345617769263,1.7073366422873044,18.52050727589916,-0.0867021122318316,0.7040763673890608,88.0,,550,22,528,0.04
713377,4,1508,510,0.1999999999992307,0.2,252.90380798344088,202.47342316603,352.12368237962005,0.4958898195753742,0.3970067120902551,0.6904385929012158,0.7154177835287153,0.5727596147322436,0.996092334016938,-0.1426581687964717,-0.2558254082949361,-0.0274208679100695,True,0.4914875263667939,12.700030725367531,44.775376841522245,0.0,0.0522477164816226,0.6400201265814852,0.7326654956156284,71.0001980360938,-0.0672605118492416,0.5368430826369545,102.0,,534,24,510,0.0449438202247191
713377,5,2018,347,0.2,0.2,216.43533621247528,161.67044673471517,225.19332927375393,0.623732957384655,0.4659090683997562,0.6489721304719134,0.8998564444578488,0.6721647024855253,0.9362688743069748,-0.2276917419723238,-0.2759670561482389,-0.1592224761289363,True,0.2229142180944666,10.34146759694502,57.628896125927405,0.0,0.0878589303358121,0.7971397517925513,0.78396512164131,35.74465633699541,-0.1249750493070261,0.4412002210038675,183.4,,348,1,347,0.0028735632183908046
713377,6,2365,503,0.1951655003326633,0.1731594944872401,243.93279250324304,239.22354105477424,372.8157799356634,0.4849558499070439,0.4755935209836467,0.7411844531524122,0.6996433997109847,0.6861364142020284,1.0693031349469833,-0.0135069855089563,-0.0840389830603423,0.0611355654572782,False,0.3011975785030978,10.783859108567324,40.30742015976505,0.0,0.0905897674701523,0.669415154116454,0.674687317926427,46.993704545356685,0.0167212600855743,0.573903636514937,275.8,,526,23,503,0.043726235741444866
713377,7,2868,464,0.1883638822079942,0.1605436891807427,264.5933051686889,265.34723864712055,312.73268240458935,0.5702441921738985,0.5718690488084492,0.6739928500098908,0.8226884681450165,0.8250326407538383,0.9723661423038884,0.0023441726088218,-0.0506449113961827,0.058241993349728,False,0.2601521756419667,9.86035979322302,47.682808150833274,0.0,0.1827888442900615,0.8244228190223508,0.3734909224229187,43.778431101651385,0.0006098217314873,0.3739012846517918,185.6,,630,166,464,0.2634920634920635
713377,8,3332,523,0.1959013073871614,0.1840818178053092,341.3368170519273,336.7760205634469,365.7000586679378,0.6526516578430732,0.6439312056662457,0.6992352938201488,0.9415773101981624,0.928996357088344,1.008783290808866,-0.0125809531098183,-0.0468279992227216,0.0348694103448445,False,0.2370909993398705,5.407988319284153,33.45086642298806,0.0,0.1401887714391945,0.9386782363973484,0.2933499343124089,29.007350446328623,-0.0096818793090045,0.2643246179367852,231.7,,660,137,523,0.20757575757575758
713377,9,3855,423,0.2,0.2,247.05029000645325,241.87076963745344,300.3272489185051,0.5840432387859414,0.5717985097812139,0.7099934962612414,0.8425962842612065,0.8249308744490568,1.0243040961195098,-0.0176654098121497,-0.0615855476328041,0.042015428068728,False,0.2999409181839991,7.636110817126624,34.1037970781434,0.0,0.1407497741342194,0.8287973318899993,0.4651174910980512,52.94276445606058,-0.0038664574409423,0.4238252360905677,259.5,,511,88,423,0.17221135029354206
713377,10,4278,442,0.1968581100159917,0.1944295175572428,289.60729539763724,276.77989558617156,301.08130028528336,0.655220125334021,0.6261988587922432,0.6811794124101433,0.9452828255100372,0.9034139881898976,0.982734160239772,-0.0418688373201394,-0.0855431804106872,-0.0040715300584312,True,0.4001637184596091,3.1040332055981636,18.134463607385392,0.0,0.1017170848250577,0.9329879819841458,0.3157057116320245,20.051496178723166,-0.0295739937942477,0.2665358863917437,293.8,,534,92,442,0.17228464419475656
695950,2,423,325,0.166125534135393,0.1901853037320174,167.41875763153382,123.88394494499332,217.81125164596392,0.5151346388662579,0.3811813690615176,0.6701884666029659,0.7431821888824773,0.5499284708243172,0.9668775772290776,-0.1932537180581601,-0.4292085548344341,-0.0286808801727038,True,0.4217875123503812,9.781039048102096,36.40068963861418,0.0,0.0478620257130499,0.5829903141666324,0.6843137017565916,57.5118290531376,-0.033061843342315,0.6532730065958818,52.3,,357,32,325,0.0896358543417367
695950,3,748,434,0.1998443936923677,0.1827536307123364,238.33037143558087,203.78807921522937,295.2272937674481,0.5491483212801402,0.4695577862102053,0.6802472206623228,0.7922535598233575,0.6774286895762632,0.9813892918280336,-0.1148248702470943,-0.185397215560241,-0.0360407759208999,True,0.4342076329650493,13.305965879810543,50.51040092376146,0.0,0.0566182720638544,0.6928961585876778,0.8359640885950982,66.55310894748575,-0.0154674690114146,0.6012891344383057,117.3,,443,9,434,0.020316027088036117
695950,4,1182,448,0.1995390609787782,0.1998833314283626,153.08651413812186,131.0268860377098,338.2236458107797,0.3417109690583077,0.2924707277627451,0.7549634951133476,0.4929847204777826,0.4219460685484984,1.0891820904522258,-0.0710386519292841,-0.1900386434623583,0.0185994234988813,False,0.0935637779967517,41.706155838488925,96.17747731653886,0.0089285714285714,0.0566182720638544,0.4569599743728491,0.492866226363256,91.02343349523429,-0.0350139058243508,0.7637433046830087,177.7,,469,21,448,0.04477611940298507
695950,5,1630,336,0.1836759210830429,0.1967302024194571,103.4657154289456,91.1413438656045,236.95476868032011,0.3079336768718619,0.2712539996000133,0.705222525834286,0.4442543885457397,0.391336800044236,1.0174210407443134,-0.0529175885015036,-0.1367579621555481,0.0450952423850909,False,0.3098791197550892,24.85445150717523,70.98196538815105,0.0,0.0566182720638544,0.4153845589471862,0.3616135604285685,67.65297293665866,-0.0240477589029501,0.781522039456188,170.2,,378,42,336,0.1111111111111111
695950,6,1966,408,0.1997706643810842,0.1987350278133741,182.16488344358743,131.50489499157462,282.1592462530741,0.4464825574597731,0.3223159190969968,0.6915667800320444,0.6441381714906363,0.4650035780808056,0.9977199639957792,-0.1791345934098306,-0.3341033644674111,-0.0622444877418168,True,0.2270138424844398,15.933507369443182,56.99229476022924,0.0,0.0566182720638544,0.5168571747498686,1.2860298926177152,67.87474010229701,-0.0518535966690629,0.7724060800162675,186.8,,422,14,408,0.03317535545023697
695950,7,2374,374,0.1762754691105341,0.1968326103706597,194.63978788010076,111.44896253149884,262.29103662294904,0.520427240321125,0.2979918784264675,0.7013129321469226,0.7508177987548158,0.4299114052310516,1.0117806893196633,-0.3209063935237642,-0.506268308636458,-0.1822456848797163,True,0.3038397142980493,9.093119943292631,39.46462193693956,0.0,0.0566182720638544,0.5080290877938654,1.4747215726240623,48.577706527865374,-0.0781176825628136,0.7963523574956319,192.2,,431,57,374,0.13225058004640372
695950,8,2748,304,0.1928838706193467,0.194835223808664,164.1027165306064,144.94112779623467,213.43790234277355,0.5398115675348896,0.4767800256455088,0.7020983629696499,0.7787834714970829,0.6878481785936884,1.0129138264725734,-0.0909352929033944,-0.219592464788108,0.0431605324243524,False,0.1270310423701937,18.118632718800736,78.36231402942113,0.0,0.1675849275271289,0.7286954289604374,0.870122478228049,84.16393142817164,-0.040847250366749,0.3988095238095238,257.6,,389,85,304,0.2185089974293059
695950,9,3052,306,0.1946828721102965,0.1979334508589411,65.73316716796245,65.78628939493075,208.20596035543983,0.2148142717907269,0.2149878738396429,0.6804116351484962,0.3099114846246557,0.310161939439715,0.9816264917918862,0.0002504548150592,-0.0884558146444131,0.0860612892241005,False,0.383175708340788,29.08166238862318,60.41845371862591,0.0,0.0566182720638544,0.3030734977567054,0.3848317465905497,97.4037815184153,0.0070884416830095,0.8496500049295078,369.3,,428,122,306,0.2850467289719626
695950,10,3358,308,0.1976631039095817,0.1920360720032959,118.02864541013663,71.70805256130032,212.57278683571263,0.3832098876952488,0.2328183524717544,0.6901713858302359,0.5528550045975521,0.3358858825389389,0.9957068357007448,-0.2169691220586131,-0.3398470425607584,-0.0904727790152085,True,0.2403557386218185,31.49013860157722,84.5861383620827,0.0,0.0566182720638544,0.4128658410815421,1.5285519862645358,56.28608344713041,-0.0769799585426031,0.8492613635282057,345.1,,562,254,308,0.45195729537366547
741210,2,543,399,0.1535519386031181,0.184696206033225,241.7199043121092,192.7914506735195,276.17724766721045,0.6058142965215769,0.4831865931667158,0.6921735530506528,0.874005281291315,0.6970909017856541,0.9985953524206704,-0.176914379505661,-0.1979243495991942,-0.0254865014614577,True,0.5903338708100736,6.033212662009816,25.29309107000955,0.0,0.0260887182984891,0.7398177858340157,0.9369327877361576,49.97290193922385,-0.0427268840483616,0.6270010131712258,112.2,,408,9,399,0.022058823529411766
741210,3,942,402,0.1732297932701014,0.1838839536837591,173.7488611707249,154.7694856856898,277.8961320875392,0.4322110974396141,0.3849987206111683,0.6912839106655203,0.6235488068933078,0.5554357449743281,0.9973118697634754,-0.0681130619189795,-0.1517090982512019,0.0087454352656046,False,0.3163948441659942,18.083918484397593,50.35083546981497,0.0,0.1697002992526117,0.5885055369255765,1.1705114258417937,43.69160816528648,-0.0330697919512483,0.694280614458991,91.0,,463,61,402,0.13174946004319654
741210,4,1344,329,0.1871673931156672,0.1863028345826344,126.08849252417892,83.2320476074487,226.3184947850087,0.3832476976418812,0.2529849471351026,0.687898160440756,0.5529095528200549,0.3649801286513692,0.9924272647045193,-0.1879294241686857,-0.4617257524254362,-0.0283492817743294,True,0.217731487394345,23.336667815086248,68.88501105881123,0.0,0.0989726125158061,0.3882651814337952,1.6575040090930957,74.18663138654321,-0.0232850527824259,0.8385582311070725,108.0,,416,87,329,0.2091346153846154
741210,5,1673,365,0.1927951754262616,0.1381984896083866,127.47143235314658,105.07287937386086,257.90965181324026,0.3492368009675249,0.2878709023941392,0.7066017857896993,0.5038422008517741,0.4153099233002554,1.0194108922420848,-0.0885322775515186,-0.1745657931525995,0.0009920110105531,False,0.2058771170898798,33.43846202976923,84.20322377523364,0.0,0.065623832702321,0.4428402228127314,1.822450880288305,80.77014298841968,-0.0275302995124759,0.8127235794771489,134.8,,457,92,365,0.2013129102844639
741210,6,2038,417,0.1846897469450291,0.1528831263973769,183.62081383088287,120.51649137143237,289.6462286239979,0.4403376830476807,0.2890083725933629,0.6945952724796113,0.6352729916494252,0.4169509459158345,1.0020891550312536,-0.2183220457335906,-0.3702911645000334,-0.112432967874038,True,0.0463406550792023,76.96605558763747,100.0,0.3764988009592326,0.1216681620994837,0.4218503949874533,2.0266481501965026,68.57328543723176,-0.0048994490716187,0.8166975881261594,219.4,,475,58,417,0.12210526315789473
741210,7,2455,422,0.1788809913291038,0.1769939785675119,146.28683524635375,90.94008335446094,292.31048540616314,0.3466512683562885,0.2154978278541728,0.6926788753700548,0.5001120657754867,0.3108976475675587,0.9993243784249224,-0.1892144182079281,-0.2856241886145518,-0.0627627806734292,True,0.191039533346267,38.88225263360437,92.95105045407554,0.0,0.1670288165544171,0.3150446778665896,2.5838176315220323,36.74585133272293,-0.0041470302990309,0.8901894583569064,287.3,,513,91,422,0.17738791423001948
741210,8,2877,443,0.184712562346325,0.1932886890506331,259.01821445257065,85.81129500804906,307.5317706705064,0.5846912290125749,0.1937049548714425,0.6942026425970799,0.8435311365477149,0.2794571777886506,1.001522709846821,-0.5640739587590645,-0.2444414207317282,0.0201958613286127,False,0.1396231277059438,67.12798838732058,100.0,0.3386004514672686,0.1327380585571835,0.3121739313352829,1.9645159218981127,72.29823326233497,-0.0327167535466322,0.891025641025641,275.7,,503,60,443,0.11928429423459244
741210,9,3320,396,0.190981913606087,0.1431432538415182,120.38100016310432,68.9569036520733,275.3034235560665,0.3039924246543038,0.1741335950809932,0.6952106655456225,0.4385683635165759,0.2512216740755157,1.0029769795557852,-0.1873466894410603,-0.4182925872094186,0.0145552355182635,False,0.2603537881343818,31.953151436797235,67.78280270146628,0.0,0.1986840495316059,0.2712716270046217,1.8964041446866544,91.897637583218,-0.0200499529291059,0.8994228484128326,342.9,,461,65,396,0.14099783080260303
741210,10,3716,388,0.1902616430201378,0.1933007881327552,90.6781248499982,63.839030779485995,265.474749699219,0.2337065073453562,0.1645335844832113,0.6842132724206675,0.3371672191706255,0.2373717863936142,0.9871110950317064,-0.0997954327770112,-0.0615923225419386,-0.0037345424556994,True,0.2606242779798158,37.15039728391366,67.09168705415033,0.0,0.1653362278605828,0.2737669095955395,1.074904619102189,98.25165176052778,-0.0363951232019253,0.8945184736523318,381.2,,461,73,388,0.15835140997830802
713379,2,402,593,0.1958862010763608,0.1979003506949825,233.72499222522237,224.11551282635656,425.9124910307033,0.3941399531622637,0.377935097514935,0.7182335430534625,0.5686237558434062,0.5452450909626836,1.0361919707633402,-0.0233786648807225,-0.1100307224016405,0.0793027146117657,False,0.2150645108264048,36.38350363895863,85.44321959333628,0.0,0.0852335453126788,0.5281683016475208,0.4373307030363774,92.73992103259933,0.0170767893151628,0.7292847997073353,37.8,,607,14,593,0.023064250411861616
713379,3,995,673,0.192457248743543,0.1322444653413672,333.2934646529848,251.62334145047384,468.3401286512921,0.495235460108447,0.3738831225118483,0.6958991510420387,0.7144737423708205,0.5393993267199244,1.0039702541671889,-0.1750744156508962,-0.3113680781241193,-0.0621055787353937,True,0.255600342073383,13.785286600101609,49.96761148238717,0.0,0.0447847432723239,0.5729286526501763,1.372413239371261,38.58456935938128,-0.033529325930252,0.7229475451485124,108.5,,688,15,673,0.02180232558139535
713379,4,1668,486,0.197495238133998,0.1725788001777146,250.62692609649716,201.7035255094941,338.21391334856224,0.5156932635730395,0.4150278302664487,0.6959134019517742,0.7439881139766692,0.5987585925563119,1.0039908138839926,-0.145229521420357,-0.2258170870222744,-0.0458183724790727,True,0.2996166811460715,20.969991782215377,87.60965518602592,0.0,0.1697002903720313,0.6491677677257767,1.4383932659064314,62.704512566782626,-0.0504091751694646,0.666033408583793,191.8,,486,0,486,0.0
713379,5,2154,435,0.1969695590800799,0.1689601432665382,254.97013388844871,230.93667457020868,302.8974622810607,0.58613823882402,0.5308889070579512,0.6963160052438178,0.8456187304268047,0.7659107934754681,1.0045716476568691,-0.0797079369513365,-0.2172519715912049,0.0333306859784491,False,0.4272251893120192,10.334793356612453,51.76292932939196,0.0,0.1084280491488029,0.7762582300710416,0.956479837008734,65.92010546250991,-0.0103474365955736,0.5076443649609217,210.1,,436,1,435,0.0022935779816513763
713379,6,2589,510,0.1910423149165102,0.1947348764424925,289.67414359456643,277.7924198979175,354.0295825451894,0.5679885168520911,0.5446910194076809,0.6941756520493909,0.8194342165443892,0.7858230325162154,1.0014837707175188,-0.0336111840281736,-0.1104589308963194,0.0379507771191712,False,0.1975360797917778,11.444632329053611,66.06376773355008,0.0,0.108428049148803,0.7919597127617218,0.5660097846411988,51.47358119858042,-0.0061366802455064,0.4104999496214045,197.7,,511,1,510,0.0019569471624266144
713379,7,3099,332,0.1968581186137959,0.194429517312709,224.08484540630707,191.39808617102767,234.65761810367133,0.674954353633455,0.5765002595512886,0.7068000545291305,0.9737532988134012,0.8317140655258444,1.0196969335692256,-0.142039233287557,-0.3004512107724202,-0.018244236914684,True,0.3599673074232408,5.04979436132625,38.42362419954294,0.0,0.0539620231356234,0.8620602619988351,0.6697545382354099,43.09767215350443,-0.0303461964729907,0.4172278810506746,296.7,,333,1,332,0.003003003003003003
713379,8,3431,369,0.192544680262774,0.1961215695073842,231.3272208782557,217.97805599722813,255.280491279263,0.6269030376104491,0.5907264390168784,0.6918170495372982,0.9044299034788222,0.8522381040916471,0.9980810265698944,-0.052191799387175,-0.1285276838156145,0.0138054237149084,False,0.260348986805277,8.960228548789383,30.953310703472837,0.0,0.1121175887357841,0.883948798600951,0.6144165892380091,72.15657701829758,-0.0317106945093039,0.3963974710724084,406.7,,370,1,369,0.002702702702702703
713379,9,3800,573,0.196858050013433,0.1944295192638006,335.6381274847563,330.5579434568902,398.9272305450867,0.5857558943887544,0.5768899536769456,0.6962080812305178,0.8450671240061354,0.8322762753083933,1.0044159462180886,-0.012790848697742,-0.0708977561758098,0.0396138376967757,False,0.249298880555573,9.822088875583024,42.59699202769263,0.0,0.0705191121046299,0.8530819007001239,0.5754001754035348,52.40392601718199,-0.0208056253917305,0.4140534700800627,359.7,,579,6,573,0.010362694300518135
713379,10,4373,549,0.1968580505906834,0.1944295192473828,332.2068415563583,322.4924819030078,381.0384040512048,0.6051126440006527,0.5874179998233294,0.6940590237726864,0.8729930106789504,0.8474650352740314,1.00131551168109,-0.0255279754049191,-0.0495984576018373,0.0102837891320584,False,0.2039779225421838,44.86944225238862,100.0,0.2805100182149362,0.0392332931032815,0.8698855371036637,0.5640847205484047,33.56398350488378,-0.0224205018296325,0.3335431809076861,243.8,,557,8,549,0.01436265709156194
736198,2,370,415,0.1971441668151513,0.1389311527287886,212.5322849716888,193.61221942497332,241.19347966555316,0.5121259878835874,0.4665354684939118,0.5811891076278389,0.738841623030013,0.6730684067949758,0.8384786433933653,-0.0657732162350371,-0.1755053928889769,0.0350457667223961,False,0.1528737417683204,12.702116919675047,43.11772931305122,0.0,0.0505637667244956,0.7027851290247253,0.6383431632502115,79.00400774831557,-0.0297167222297495,0.4337704040674337,70.1,,415,0,415,0.0
736198,3,785,476,0.1871987609148047,0.1749877342167305,236.66795581702303,209.12421252611688,366.84217510422013,0.4972015878508887,0.4393365809372206,0.770676838454244,0.7173102651145955,0.633828706599241,1.1118516529659226,-0.0834815585153546,-0.1586080914263897,-0.0205113996326393,True,0.3336428357050457,8.79715252202601,31.408070050067472,0.0,0.2867554508184479,0.6420598303675047,1.272952923093533,39.76363293604176,-0.0082311237682636,0.6823936730355744,162.1,,486,10,476,0.0205761316872428
736198,4,1261,484,0.1911255370449498,0.1709310975871411,250.9053365916061,219.9725574495937,425.99454836200914,0.5183994557677812,0.4544887550611442,0.8801540255413411,0.7478923240357156,0.6556886730665116,1.269793847866951,-0.0922036509692039,-0.1594603695799908,-0.0165479164897808,True,0.1321441512095339,42.53511148110953,97.75068673932869,0.018595041322314,0.1394933590006271,0.7250491926901043,1.5140911117022997,19.209717668915054,-0.0693605196235926,0.5353438179688805,167.7,,489,5,484,0.010224948875255624
736198,5,1745,376,0.1949560623966332,0.1828299157633701,233.85959535825864,148.01613688153725,264.2381971426685,0.621967008931539,0.3936599385147265,0.7027611626134801,0.8973087193820729,0.5679312410918502,1.0138700442318302,-0.3293774782902227,-0.602197454202676,-0.1532605881926694,True,0.2612818116087466,10.812742592036305,68.23916384532357,0.0,0.0355952595630599,0.6445951936182066,1.033343169430622,27.407577714085832,-0.0766639525263565,0.716951049657793,197.0,,486,110,376,0.22633744855967078
736198,6,2121,478,0.1964046942317381,0.1946752828838412,180.99890727794545,138.70799733083717,317.0465624896529,0.3786588018367059,0.2901840948343873,0.6632773273842111,0.5462891755987723,0.4186471545624232,0.9569069109512868,-0.1276420210363492,-0.236667949525127,-0.0420250901002878,True,0.2835213947382115,21.17890012151968,70.59612294561218,0.0,0.0476572418054705,0.4638299116141419,1.0345560345845235,74.27595175297259,-0.0451827570517186,0.7684270516717328,241.4,,498,20,478,0.040160642570281124
736198,7,2599,493,0.1970572403578628,0.1645856085142376,247.17233619380215,180.81694273056257,358.7698099720936,0.5013637650989903,0.3667686465122973,0.7277278092740235,0.7233150175897325,0.5291353074768486,1.049889301556623,-0.1941797101128839,-0.2936865300981202,-0.0718359787193001,True,0.0688496069110138,45.26406725132693,99.84009347326756,0.0811359026369168,0.0355948296561846,0.5810143192836015,1.0716907427512197,59.982466212917615,-0.0518790118067529,0.752791483152665,278.0,,507,14,493,0.027613412228796843
736198,8,3092,510,0.1935563380478475,0.1837670898673208,301.96206825183657,231.21375345571528,378.6822516487502,0.592082486768307,0.4533603008935592,0.7425142189191181,0.8541944674578418,0.6540606578350662,1.0712215814241537,-0.2001338096227757,-0.3258900162202571,-0.0795099817303383,True,0.12404182107281,12.853029721784896,53.95197632511229,0.0,0.1446091972279302,0.7266192535847386,1.1455911389816351,50.59202846742312,-0.0725585957496724,0.4808241534067726,279.8,,510,0,510,0.0
736198,9,3602,515,0.1892708161815224,0.1906612975577667,294.7378396899553,258.7454514010742,358.36292901238136,0.5723064848348647,0.5024183522350953,0.695850347596857,0.8256637275398541,0.7248364652211765,1.003899845678847,-0.1008272623186775,-0.1858684973389402,-0.0235556318043559,True,0.2034355470533294,9.022962818850372,38.6649405257874,0.0,0.1521552399930431,0.7624267641237388,0.6261673188266457,61.55066650342245,-0.0375902989025623,0.4664223622090552,445.9,,515,0,515,0.0
736198,10,4117,468,0.1892708161815224,0.1906612975577667,237.21026632748547,222.24772652780183,324.8414380187636,0.506859543434798,0.4748883045465851,0.6941056367922299,0.7312437497406272,0.6851190019455262,1.001382760053226,-0.046124747795101,-0.1543022597538994,0.0430998086815295,False,0.2055823922635795,13.694918634258707,50.193653450622335,0.0,0.0566182720638544,0.68613405053449,0.8406014879136459,71.64566913565267,-0.0010150485889636,0.6102214159993623,274.4,,468,0,468,0.0
698694,2,424,381,0.1602223636519728,0.1798603419555124,104.40330106096492,73.38227003671783,238.39223585201893,0.2740244122335037,0.1926043832984717,0.6257014064357452,0.3953336606117888,0.2778693886381823,0.9026963161420994,-0.1174642719736064,-0.258744977036226,-0.0092858536798284,True,0.1251660728404587,42.974938330582795,80.19948986879702,0.0,0.0860381420872927,0.3248127710915572,1.8096979113932512,87.26810817882028,-0.0469433824533748,0.8225505179147563,123.7,,457,76,381,0.16630196936542668
698694,3,805,369,0.1867117353765369,0.1849059851307818,78.8868110333465,49.780743457576655,252.98821728697897,0.2137853957543265,0.1349071638416712,0.6856049248969619,0.3084271302692514,0.194629896254774,0.9891188251578972,-0.1137972340144774,-0.3076367305171862,0.0007921099653816,False,0.245015488375468,48.63449493625232,77.14706095322398,0.0,0.1853673293858311,0.2163635864711875,1.3143106585335425,81.73980046595096,-0.0217336902164135,0.9208845208845208,155.2,,433,64,369,0.14780600461893764
698694,4,1174,386,0.1819692750786461,0.1849547231333085,155.54716723914265,115.15670661552778,275.83646464549906,0.4029719358527012,0.2983334368277924,0.7146022400142463,0.5813656134721175,0.4304041698428169,1.030953107876698,-0.1509614436293005,-0.2069962964559481,-0.0549929474372109,True,0.4396383688192715,32.25656294215529,83.46251600796569,0.0,0.2623297706967896,0.442528953680173,1.8860544419497969,84.42556845338261,-0.012124783837356,0.8064674675300101,269.8,,540,154,386,0.2851851851851852
698694,5,1560,398,0.1967654006012008,0.1988350132012098,140.58174071896983,65.40911093662343,255.1375856444122,0.3532204540677635,0.1643444998407623,0.6410492101618397,0.5095893974241102,0.2370989949176448,0.924838516466273,-0.2724904025064654,-0.4522178000591523,-0.1384345291018161,True,0.1848139979175606,39.617861887172275,78.82429950861015,0.0,0.2165731669311263,0.249961720522108,3.283226911267228,55.56666306669262,-0.0128627256044631,0.9150561224660456,274.5,,536,138,398,0.2574626865671642
698694,6,1958,423,0.172885021406783,0.190722646144496,122.80295805309012,66.81780957652481,230.42312339744555,0.2903143216385109,0.1579617247671981,0.5447355163060178,0.4188350321269232,0.2278905969719041,0.7858872279707809,-0.190944435155019,-0.3128715270851568,-0.0961789744152133,True,0.2964928102221208,34.47313507669561,87.09456622276717,0.0,0.1980288037868167,0.255383463994108,2.718617742760646,61.014296139800656,-0.0274928670222037,0.848305857853994,378.2,,535,112,423,0.20934579439252338
698694,7,2381,303,0.1813879500819448,0.1925372777732804,110.6685248100115,45.742038276024424,202.01805466872207,0.3652426561386518,0.1509638226931499,0.6667262530320861,0.5269337687323459,0.2177947583530481,0.9618826588798708,-0.3091390103792977,-0.5135750336715066,-0.123573522230502,True,0.3280381893855479,25.08980697400826,55.353973561690275,0.0,0.2743396503990793,0.2627406340525409,2.76343185711519,62.12872527909751,-0.0449458756994926,0.922388011595469,393.4,,429,126,303,0.2937062937062937
698694,8,2684,386,0.1884602394176289,0.1901267724391231,118.29363427040434,60.38243713256201,224.82070418435245,0.3064601924103739,0.1564311842812488,0.5824370574724157,0.442128599820324,0.2256824938029452,0.8402790544454143,-0.2164461060173788,-0.5189700389583991,-0.0588069648621645,True,0.2212386734260449,34.516901216508366,77.86462069423241,0.0,0.2631623343190316,0.2635186373568421,3.144803276049398,65.32823773981984,-0.0378361435538968,0.890492782478845,486.2,,488,102,386,0.20901639344262296
698694,9,3070,471,0.1967021599848405,0.1850322074372691,141.32662308565784,85.07545433775311,379.16266702133686,0.3000565245979996,0.1806272915875862,0.805016278176936,0.4328900600239113,0.2605900978226154,1.1613929923607558,-0.172299962201296,-0.3580676275916708,-0.0612748703617367,True,0.2814510545631689,43.03386628892927,83.86453803476732,0.0,0.136534318877376,0.2945394774763437,2.564600676320516,84.66606461897655,-0.0339493796537283,0.896063688633348,380.4,,558,87,471,0.15591397849462366
698694,10,3541,372,0.1867538263560862,0.1823007020820624,130.7018336273452,70.78444010339524,260.12082268538074,0.351349015127272,0.1902807529661161,0.6992495233477977,0.5068894817453368,0.2745170986808337,1.008803819677839,-0.2323723830645031,-0.339570606382539,-0.0804570268233744,True,0.268179543161778,30.465495521967384,92.52856865992732,0.0,0.234415994676176,0.3117263067168698,2.8523483407593555,85.37771964467727,-0.0372092080360361,0.901516045304389,295.7,,561,189,372,0.33689839572192515
689515,2,425,534,0.1729314102650099,0.1978487245219877,122.77584336610836,80.19832904426825,370.2691316818049,0.2299173096743602,0.1501841367870191,0.6933878870445784,0.3317005624817316,0.2166699093628223,1.00034726605169,-0.1150306531189092,-0.3035229681435403,-0.0163944437888484,True,0.3751157987979336,58.13059427295922,98.39947497974578,0.1067415730337078,0.2116343518191319,0.2370147316002128,2.917528647339746,80.48083494165243,-0.0203448222373905,0.9279729818324248,103.7,,549,15,534,0.0273224043715847
689515,3,959,545,0.154540731660535,0.175470534278188,200.6725765527318,82.85596976902302,375.6667088256953,0.3682065624820767,0.1520293023284826,0.6892967134416428,0.5312097817156644,0.2193319205391108,0.9944449501833188,-0.3118778611765536,-0.5050163052148756,-0.1935383685044393,True,0.2297898680337201,28.25647789909473,82.17549888580203,0.0,0.3173803411596094,0.2424108363792776,3.815486429930732,45.22351700161689,-0.0230789158401668,0.933213291864462,154.2,,581,36,545,0.06196213425129088
689515,4,1504,458,0.1899600052939387,0.1978012077071216,185.47442915635585,52.126209797493544,307.0240376799383,0.4049660025247944,0.1138126851473658,0.6703581608732277,0.5842424435711484,0.1641969964523617,0.9671223943112516,-0.4200454471187866,-0.6918403698644078,-0.1448982653324557,True,0.0836092700918629,45.41388193241227,99.60677354254102,0.0349344978165938,0.1739349870859169,0.2124865831118835,3.241248077385939,93.12675675393436,-0.0482895866595218,0.93982883475971,246.4,,531,73,458,0.1374764595103578
689515,5,1962,595,0.1957226874196053,0.1457608751104131,146.32271445610616,107.51607947265347,363.4057091580144,0.2459205284976574,0.1806992932313502,0.6107658977445619,0.3547883269163633,0.2606939742370097,0.8811489318201752,-0.0940943526793536,-0.1916981844413365,-0.0237031417689879,True,0.1480287617456057,41.93729865237165,96.17299912008632,0.0117647058823529,0.2467246661185671,0.2924639295352864,2.2092534457408424,76.79652152695827,-0.0317699552982766,0.8128920729513892,232.0,,615,20,595,0.032520325203252036
689515,6,2557,430,0.1971690482628198,0.1733232521452153,83.13677244433049,70.6162921418856,306.1895230623807,0.1933413312658848,0.1642239352136873,0.7120686582846063,0.2789325798161624,0.2369250569280571,1.0272979220796594,-0.0420075228881052,-0.110546045361259,0.0137346205240594,False,0.4121286402436475,58.6563151885753,95.08129973800308,0.0023255813953488,0.2799613344660772,0.293245419869807,2.5017445647310117,78.53309813868488,-0.0563203629417499,0.8783748418894757,300.0,,482,52,430,0.1078838174273859
689515,7,2987,457,0.1897562862461956,0.1561746549646004,224.4960676812347,88.05161387525345,303.65566298470424,0.4912386601339928,0.1926731157007733,0.6644544047805344,0.7087075788682504,0.2779685485341311,0.9586050746737048,-0.4307390303341192,-0.7350661204213813,-0.2091611038434835,True,0.0740952148974268,49.537070869811274,97.91362625762068,0.0678336980306345,0.2034532719865152,0.3270948695824761,2.913552256522306,55.32442696575206,-0.0491263210483449,0.8884812912692592,377.7,,553,96,457,0.1735985533453888
689515,8,3444,509,0.1977303632027466,0.1891636492125961,174.18385896075554,101.4378758224583,320.79023200989036,0.3422079743826238,0.1992885576079729,0.6302362122001776,0.4937017475944689,0.2875126137669371,0.9092386579298406,-0.2061891338275318,-0.3073160532101658,-0.1193060331843352,True,0.2472196557948851,27.89319143286437,79.8669211806251,0.0,0.2459008024241029,0.3351733164319529,2.8950687346617032,49.423148921039505,-0.0476607026650157,0.8568715228914312,418.8,,589,80,509,0.13582342954159593
689515,9,3953,602,0.185486063817334,0.1793938518903244,205.307269417448,128.16484363295336,330.48057170995355,0.3410419757764917,0.2128984113504206,0.5489710493520823,0.4920195671877185,0.3071474822683905,0.7919978104918596,-0.184872084919328,-0.2915119481593122,-0.0950408832252922,True,0.0583971198065405,41.87459362378342,99.43115891677309,0.0830564784053156,0.2977054620150042,0.3501455235874072,2.640451412059638,70.45325166548075,-0.0429980413190165,0.7477863107977675,486.3,,628,26,602,0.041401273885350316
689515,10,4555,474,0.1885006375242719,0.1965837731709107,168.8190501993009,91.9858384749204,271.1582981603884,0.3561583337537993,0.1940629503690306,0.5720639201695958,0.5138278618778827,0.2799736561176815,0.8253137807001758,-0.2338542057602012,-0.3966227440472563,-0.1122236175562996,True,0.2042621385602773,52.27367236411485,99.90361909267196,0.1413502109704641,0.2933443183174524,0.3188084613364038,2.9250177583669643,57.14683386171957,-0.0388348052187223,0.8341597796143251,476.0,,484,10,474,0.02066115702479339
751769,2,632,569,0.1791542709475496,0.1959961166156213,223.07613174035023,177.71980668811852,403.03207873788864,0.3920494406684539,0.3123370943552173,0.7083164828433895,0.5656077838356703,0.4506071771119402,1.0218846771780707,-0.11500060672373,-0.2331417783647951,-0.0216720668931398,True,0.3323271369856322,15.360552348131026,60.21944315696692,0.0,0.1213177904891759,0.4887328097643988,1.4067766020878396,41.441996947317094,-0.0381256326524585,0.7710123019351102,100.9,,646,77,569,0.11919504643962849
751769,3,1201,428,0.1966705290851573,0.1971427061900145,145.60034540516193,98.57000850227132,298.79903024966893,0.3401877229092568,0.2303037581828769,0.6981285753496937,0.4907871408124937,0.3322580898285276,1.0071866335598805,-0.1585290509839661,-0.3490921651003541,-0.0460392113554871,True,0.5093713038706673,18.768104243893863,51.2929602701244,0.0,0.1368985589188049,0.385530146879269,1.9567401927251609,24.87236384369767,-0.0532720570507413,0.8452260774684661,163.2,,457,29,428,0.06345733041575492
751769,4,1629,502,0.1968580337467366,0.1944295197264628,147.1754076308365,123.31394791959028,349.94864955778996,0.2931781028502719,0.2456453145808572,0.6971088636609362,0.4229665950793217,0.3543912771634121,1.005715500563373,-0.0685753179159095,-0.1122184811926752,-0.0229122751785509,True,0.5329413437281576,37.815313431043705,90.35371281905884,0.0,0.2574775698282031,0.3970649691039343,1.3365606767778306,68.09177901211041,-0.0426736919405221,0.8152477152477153,156.0,,588,86,502,0.14625850340136054
751769,5,2131,459,0.1968581186137959,0.194429517312709,85.50899121355641,74.87180379884728,318.64617471234476,0.1862940985044802,0.1631193982545691,0.6942182455606639,0.2687655720592936,0.2353315469346587,1.0015452201650066,-0.0334340251246348,-0.0546496531774107,-0.0061879385004487,True,0.7514394949679156,66.15265266475451,98.62852667186066,0.10239651416122,0.1675244598769038,0.2437787260000809,0.7831707987739204,75.83630341074391,-0.0084471790654221,0.8683529749928139,140.1,,599,140,459,0.2337228714524207
751769,6,2590,468,0.1968581186137959,0.194429517312709,137.97008829013626,107.50908031688816,324.4984580224505,0.2948078809618296,0.2297202570873676,0.6933727735522447,0.4253178678786155,0.3314162756916829,1.0003254618912496,-0.0939015921869323,-0.1947141412387501,-0.0206024742390826,True,0.4747683463831309,43.146272296820015,87.17446544621582,0.0,0.2331132842533244,0.3881745172524666,1.7482700042213002,53.06173189596602,-0.0567582415607837,0.8468689647401957,136.3,,586,118,468,0.20136518771331058
751769,7,3058,459,0.168552103927845,0.1763209629000189,127.24276083584476,99.2467496157626,314.04781603822977,0.2772173438689428,0.2162238553720319,0.684200034941677,0.3999400872481343,0.3119450838671229,0.987091997386413,-0.0879950033810114,-0.1577831756571439,-0.0256765341118255,True,0.4699768484452178,40.696294566818445,87.30349513079673,0.0,0.0860003476208501,0.4027305056604169,0.6589393653559551,92.0354517873108,-0.0907854217932939,0.7890812370445874,312.6,,549,90,459,0.16393442622950818
751769,8,3517,453,0.1839158194566904,0.1993714247062424,110.18943630189472,94.20064744673148,304.03704374813947,0.2432437887459044,0.2079484491097825,0.6711634519826478,0.350926607750759,0.3000061962912342,0.968284183801284,-0.0509204114595247,-0.0859185061346545,-0.0183258183339766,True,0.389652315066905,33.57373762081775,82.85061201272939,0.0,0.1213177904891759,0.3233735550256534,1.135859223935823,25.48357636439112,-0.0233673587344191,0.8461203408528353,310.2,,563,110,453,0.19538188277087035
751769,9,3970,452,0.1985853886403342,0.1894632798723129,131.33024380418274,85.89393183180266,347.80044290297246,0.2905536367349176,0.1900308226367316,0.7694700064225054,0.4191802908297189,0.2741565254340629,1.1101105623785474,-0.1450237653956561,-0.3613650023548596,0.0089365830287764,False,0.3965145197494542,38.31192331003725,93.04913933335872,0.0,0.1110584170950181,0.3168207909860396,1.5393365217377584,61.37303587072027,-0.0426642655519767,0.7452832582846998,225.1,,561,109,452,0.19429590017825313
751769,10,4422,361,0.1930218037708054,0.1946167395792241,133.66722472981135,92.581891473728,248.7459997297336,0.3702693205811949,0.2564595331682217,0.689047090664082,0.5341857125958157,0.369992896690492,0.9940848206400392,-0.1641928159053236,-0.3467684167293416,-0.0339488101607346,True,0.4477192550068193,26.601070680162433,90.45715118839722,0.0,0.0654916713131776,0.3977497685812447,1.2504754517860244,45.57861297882417,-0.0277568718907526,0.8160390916930153,356.9,,521,160,361,0.30710172744721687
751766,2,681,579,0.1849138630314006,0.1544261991815602,223.63766367432476,99.9228310193835,447.486412359587,0.3862481237898528,0.1725782919160335,0.7728608158196667,0.5572382527442871,0.2489778459123495,1.1150024662804316,-0.3082604068319375,-0.550216796394843,-0.0895968363895314,True,0.2917977059920696,27.47653437432739,89.16290658924945,0.0,0.1350304926421777,0.3195867127553294,2.1581099200226777,24.31696749325347,-0.0706088668429798,0.8797572190451269,120.1,,623,44,579,0.07062600321027288
751766,3,1260,619,0.1945788815019138,0.1930805813087519,259.00119758641205,184.52488545721317,419.0342908428668,0.4184187360038967,0.2981015920148836,0.6769536201015618,0.6036506354478501,0.4300696884809776,0.9766376306323544,-0.1735809469668725,-0.283197744041667,-0.0872819754253492,True,0.4920336512604352,17.785922269249344,53.11930454477989,0.0,0.1900929664529621,0.4875109390736583,1.862878543269236,83.79369404637345,-0.0574412505926805,0.7753989867758955,161.1,,624,5,619,0.008012820512820512
751766,4,1879,607,0.1969750798239318,0.1731880030630608,165.68101494642698,135.60763266428577,454.2072373001821,0.2729506012296985,0.2234063141092021,0.7482821042836607,0.393784478801747,0.3223071814686279,1.0795428810359955,-0.071477297333119,-0.1384032089314212,-0.0138983083219322,True,0.5965326670155379,27.31063645476647,85.56811107512834,0.0,0.1680058064954862,0.3711142262832135,0.842623169608747,98.63236221536232,-0.0488070448145856,0.7997946975328308,224.1,,607,0,607,0.0
751766,5,2486,606,0.2,0.2,183.4311736489848,150.24967295353747,417.1792308341196,0.302691705691394,0.2479367540487415,0.6884145723335308,0.4366918227191958,0.3576971255202261,0.9931722895812816,-0.0789946971989697,-0.1362513238192225,-0.0388386575302598,True,0.3988695104699793,28.81741154241265,73.70097788981288,0.0,0.1793455430341438,0.3813006876943006,1.3487240883311131,42.428178295278194,-0.0236035621740746,0.8154254766892387,185.8,,608,2,606,0.003289473684210526
751766,6,3092,627,0.1878579571253751,0.1850856515267002,144.59566300423197,90.03427464964143,419.8194535604029,0.2306150925107367,0.1435953343694439,0.6695685064759216,0.3327072503193894,0.2071642767895893,0.965983163828242,-0.1255429735298001,-0.2767473887786368,0.0006649893666592,False,0.445067599134145,35.6563721109693,87.81262949153356,0.0,0.1632535904947075,0.2561014481147581,1.7581976022937629,94.23713723748398,-0.0489371713251687,0.8776148582600195,356.6,,627,0,627,0.0
751766,7,3719,629,0.2,0.2,152.05500998485968,144.63919701984443,458.1993453343069,0.2417408743797451,0.2299510286484013,0.7284568288303767,0.3487583606478202,0.3317492086783646,1.0509410544552849,-0.0170091519694555,-0.0566073300767452,0.0247026485373998,False,0.5209946208285245,42.8237692904938,90.51308929331046,0.0,0.1632534576495375,0.3375471501092478,0.5394242759927136,99.8903773330817,-0.0057979414308832,0.7880695974306798,373.0,,629,0,629,0.0
751766,8,4348,630,0.2,0.2,171.7456680032044,117.52237813998389,441.0276092742636,0.2726121714336578,0.1865434573650534,0.7000438242448628,0.39329622781331,0.2691253208508444,1.0099497536430089,-0.1241709069624655,-0.2715167331917584,-0.0286290337813855,True,0.3445422712171367,38.26811179122349,88.77995385101242,0.0,0.1293811971707948,0.336816080244719,1.1848351745248495,92.35548826365994,-0.0676907593938744,0.8594984262361663,398.6,,630,0,630,0.0
751766,9,4978,610,0.2,0.2,94.66430202512618,79.23136296884412,417.7334993549515,0.1551873803690593,0.1298874802767936,0.684809015335986,0.2238880640669911,0.1873880236688932,0.9879705703812812,-0.0365000403980979,-0.054171956534574,-0.0206567456328459,True,0.5128771045791914,73.0769606881841,97.49703134460536,0.0278688524590163,0.1568442228172878,0.2107493322885511,1.3782019913933787,87.90234316293747,-0.0233613086196579,0.9116800535475236,466.3,,611,1,610,0.0016366612111292963
751766,10,5588,615,0.2,0.2,266.8812303328672,169.15333206664175,416.96606758897946,0.4339532200534425,0.2750460684010436,0.677993605835739,0.6260621585488987,0.3968075988981923,0.9781380128936472,-0.2292545596507064,-0.387447523019656,-0.1054589655317816,True,0.3674493410949609,25.52489978466325,79.48014670112492,0.0,0.1071410387906935,0.4642351928095674,1.4470141155400504,61.60279310009227,-0.0674275939113752,0.7767475684028723,403.6,,616,1,615,0.0016233766233766235
